{"CashFlow":[100000,103000,106090,109272,112550,115927,119405,122987,126677,2325540],"Cost_of_Sales":44797.212644804065,"Property_Present_Value":1907905,"Residual_Value":2239860.632240203}
